concept_name,split,n_samples_with_text,n_samples_total
support_devices.airway,train,2,12
support_devices.airway,val,2,8
support_devices.gastric_tube,train,2,12
support_devices.gastric_tube,val,1,8
support_devices.central_line,train,3,12
support_devices.central_line,val,2,8
support_devices.chest_drain,train,1,12
support_devices.chest_drain,val,3,8
support_devices.pacemaker,train,2,12
support_devices.pacemaker,val,1,8
support_devices.other,train,8,12
support_devices.other,val,6,8
thoracic_organs.heart,train,12,12
thoracic_organs.heart,val,8,8
thoracic_organs.mediastinum,train,9,12
thoracic_organs.mediastinum,val,5,8
pathologies.lung.pneumonia,train,9,12
pathologies.lung.pneumonia,val,4,8
pathologies.lung.atelectasis,train,4,12
pathologies.lung.atelectasis,val,3,8
pathologies.lung.emphysema,train,1,12
pathologies.lung.emphysema,val,1,8
pathologies.lung.fibrosis,train,1,12
pathologies.lung.fibrosis,val,0,8
pathologies.lung.mass,train,3,12
pathologies.lung.mass,val,2,8
pathologies.pleura.pneumothorax,train,12,12
pathologies.pleura.pneumothorax,val,8,8
pathologies.pleura.pleural_effusion,train,12,12
pathologies.pleura.pleural_effusion,val,8,8
pathologies.vessels.congestion,train,7,12
pathologies.vessels.congestion,val,4,8
pathologies.vessels.pulmonary_edema,train,8,12
pathologies.vessels.pulmonary_edema,val,4,8
pathologies.bones.fracture,train,11,12
pathologies.bones.fracture,val,8,8
pathologies.bones.other,train,2,12
pathologies.bones.other,val,3,8
