SOPInstanceUID,accession,PatientID,image_path,view
1.2.826.0.1.000001,RPT001,DUMMYPT001,data/jpg/case_00.jpg,frontal
1.2.826.0.1.000002,RPT002,DUMMYPT002,data/jpg/case_01.jpg,lateral
1.2.826.0.1.000003,RPT003,DUMMYPT003,data/jpg/case_02.jpg,frontal
1.2.826.0.1.000004,RPT004,DUMMYPT004,data/jpg/case_03.jpg,lateral
1.2.826.0.1.000005,RPT005,DUMMYPT005,data/jpg/case_04.jpg,frontal
1.2.826.0.1.000006,RPT006,DUMMYPT006,data/jpg/case_05.jpg,lateral
1.2.826.0.1.000007,RPT007,DUMMYPT007,data/jpg/case_06.jpg,frontal
1.2.826.0.1.000008,RPT008,DUMMYPT008,data/jpg/case_00.jpg,lateral
1.2.826.0.1.000009,RPT009,DUMMYPT009,data/jpg/case_01.jpg,frontal
1.2.826.0.1.000010,RPT010,DUMMYPT010,data/jpg/case_02.jpg,lateral
1.2.826.0.1.000011,RPT011,DUMMYPT011,data/jpg/case_03.jpg,frontal
1.2.826.0.1.000012,RPT012,DUMMYPT012,data/jpg/case_04.jpg,lateral
1.2.826.0.1.000013,RPT013,DUMMYPT013,data/jpg/case_05.jpg,frontal
1.2.826.0.1.000014,RPT014,DUMMYPT014,data/jpg/case_06.jpg,lateral
1.2.826.0.1.000015,RPT015,DUMMYPT015,data/jpg/case_00.jpg,frontal
1.2.826.0.1.000016,RPT016,DUMMYPT016,data/jpg/case_01.jpg,lateral
1.2.826.0.1.000017,RPT017,DUMMYPT017,data/jpg/case_02.jpg,frontal
1.2.826.0.1.000018,RPT018,DUMMYPT018,data/jpg/case_03.jpg,lateral
1.2.826.0.1.000019,RPT019,DUMMYPT019,data/jpg/case_04.jpg,frontal
1.2.826.0.1.000020,RPT020,DUMMYPT020,data/jpg/case_05.jpg,lateral
